{
  "intercept": -0.013753293082118034,
  "slope": 0.18524757027626038
}