{
  "data_max": 0.219681516289711,
  "data_min": -0.21516388654708862,
  "feature_max": 1.0,
  "feature_min": -1.0
}