{
  "data_max": 1.2545946836471558,
  "data_min": -1.2205665111541748,
  "feature_max": 1.0,
  "feature_min": -1.0
}