search_order,search_stage,n_hidden,mean_val_loss,threshold_limit,is_acceptable
0,grid,0,0.0398268401622772,,
1,grid,1,0.03521246835589409,,
2,grid,2,0.023588771000504494,,
3,grid,3,0.019135115668177605,,
4,grid,4,0.01855354942381382,,
5,grid,5,0.019224809482693672,,
