stage_index,n_active_seeds,active_seeds,selected_hidden,minimum_hidden,best_hidden,threshold_limit,threshold_found
1,1,20260328,3,,3,8.778300497169767e-07,False
2,2,"20260328,20260329",3,,3,8.778300497169767e-07,False
3,3,"20260328,20260329,20260330",3,,3,8.778300497169767e-07,False
