selection,sample_index,rmse,mae,max_abs_stress_error,strain_min,strain_max,stress_true_min,stress_true_max
best,8,0.0003037871210835874,0.00022592979075852782,0.0027796030044555664,-0.03106585144996643,0.08588221669197083,-0.27022331953048706,0.7178534269332886
median,24,0.0007397079025395215,0.0003213872842025012,0.010613799095153809,-0.10237149149179459,-1.4901161193847656e-08,-0.7666351795196533,0.5131126642227173
worst,22,0.004959404468536377,0.0010906531242653728,0.07507002353668213,-1.4901161193847656e-08,0.13297352194786072,-0.933339536190033,0.8577291965484619
